# Name,   Type, SubType, Offset,  Size, Flags
# Note: if you have increased the bootloader size, make sure to update the offsets to avoid overlap
#nvs,      data, nvs,     0x00009000, 0x00014000,
#otadata,  data, ota,     0x0001d000, 0x00002000,
#phy_init, data, phy,     0x0001f000, 0x00001000,
#factory,  app,  factory, 0x00020000, 0x00250000,
#ota_0,    app,  ota_0,   0x00270000, 0x00250000,
#ota_1,    app,  ota_1,   0x004c0000, 0x00250000,
#storage,  data, spiffs,  ,           0x2f0000, 

nvs,      data, nvs,     0x00009000, 0x00014000,
otadata,  data, ota,     0x0001d000, 0x00002000,
phy_init, data, phy,     0x0001f000, 0x00001000,
factory,  app,  factory, 0x00020000, 0x00300000,
ota_0,    app,  ota_0,   0x00320000, 0x00300000,
ota_1,    app,  ota_1,   0x00620000, 0x00300000,
storage,  data, spiffs,  ,           0x006e0000, 
